{
    "rmse": 0.8031192316982254,
    "mae": 0.6551462834843994,
    "r2": 0.013014969842177981
}